hub,eligible_lots,floor_lots,floor_capacity,floor_vacancy_lower_pct,floor_vacancy_upper_pct,range_width_pp,interpretation
anam,113,113,343,3.790087463556846,21.57434402332361,17.784256559766764,existing_unknown_floor_assignment_range_not_confidence_interval
apgujeong-rodeo,583,583,2225,16.85393258426966,31.056179775280903,14.202247191011235,existing_unknown_floor_assignment_range_not_confidence_interval
banpo,55,55,266,9.774436090225569,27.819548872180455,18.045112781954888,existing_unknown_floor_assignment_range_not_confidence_interval
bulgwang,264,264,658,23.404255319148938,39.96960486322189,16.565349544072948,existing_unknown_floor_assignment_range_not_confidence_interval
cheongdam,393,393,1399,19.22802001429592,33.73838456040028,14.51036454610436,existing_unknown_floor_assignment_range_not_confidence_interval
cheongnyangni,645,645,1263,16.31037212984956,41.17181314330958,24.861441013460016,existing_unknown_floor_assignment_range_not_confidence_interval
cheonho,355,355,811,18.249075215782984,34.5252774352651,16.27620221948212,existing_unknown_floor_assignment_range_not_confidence_interval
chungmuro,739,739,2030,13.00492610837438,33.00492610837439,20.0,existing_unknown_floor_assignment_range_not_confidence_interval
cityhall,305,305,1120,6.696428571428569,28.660714285714285,21.964285714285715,existing_unknown_floor_assignment_range_not_confidence_interval
dangsan,116,116,339,11.504424778761058,25.663716814159287,14.15929203539823,existing_unknown_floor_assignment_range_not_confidence_interval
doksan,40,40,96,26.041666666666664,52.08333333333333,26.041666666666668,existing_unknown_floor_assignment_range_not_confidence_interval
dongdaemun,1152,1152,2737,16.87979539641944,42.01680672268907,25.13701132626964,existing_unknown_floor_assignment_range_not_confidence_interval
dosan,757,757,2744,15.925655976676389,30.174927113702623,14.24927113702624,existing_unknown_floor_assignment_range_not_confidence_interval
euljiro,697,688,2107,11.770289511153297,31.98860939724727,20.218319886093973,existing_unknown_floor_assignment_range_not_confidence_interval
gangnam,534,534,2327,10.270734851740437,24.666953158573268,14.396218306832832,existing_unknown_floor_assignment_range_not_confidence_interval
garak,16,16,86,12.790697674418606,34.883720930232556,22.093023255813954,existing_unknown_floor_assignment_range_not_confidence_interval
garosugil,612,607,2124,15.160075329566858,31.167608286252356,16.0075329566855,existing_unknown_floor_assignment_range_not_confidence_interval
gongdeok,187,187,474,9.071729957805907,22.995780590717295,13.924050632911392,existing_unknown_floor_assignment_range_not_confidence_interval
gunja,287,287,741,11.740890688259109,27.935222672064775,16.194331983805668,existing_unknown_floor_assignment_range_not_confidence_interval
gwangjang,560,560,1434,21.96652719665272,46.792189679218964,24.825662482566248,existing_unknown_floor_assignment_range_not_confidence_interval
hannam,340,340,856,13.668224299065423,33.41121495327103,19.742990654205606,existing_unknown_floor_assignment_range_not_confidence_interval
hapjeong,149,149,383,10.704960835509137,22.976501305483033,12.27154046997389,existing_unknown_floor_assignment_range_not_confidence_interval
hongdae,959,958,2989,14.519906323185017,26.865172298427563,12.345265975242556,existing_unknown_floor_assignment_range_not_confidence_interval
hwagok,301,301,755,17.350993377483448,32.31788079470199,14.966887417218542,existing_unknown_floor_assignment_range_not_confidence_interval
hyehwa,459,459,1141,13.672217353198945,33.04119193689746,19.36897458369851,existing_unknown_floor_assignment_range_not_confidence_interval
ikseon,927,896,2128,14.708646616541355,41.02443609022557,26.31578947368421,existing_unknown_floor_assignment_range_not_confidence_interval
itaewon,400,400,990,12.424242424242426,28.787878787878785,16.363636363636363,existing_unknown_floor_assignment_range_not_confidence_interval
jamsil,255,255,811,10.604192355117137,21.454993834771884,10.850801479654747,existing_unknown_floor_assignment_range_not_confidence_interval
jamsilsaenae,238,238,730,8.21917808219178,22.191780821917806,13.972602739726028,existing_unknown_floor_assignment_range_not_confidence_interval
jangan,142,142,445,11.910112359550562,30.112359550561795,18.202247191011235,existing_unknown_floor_assignment_range_not_confidence_interval
kkachisan,282,282,677,19.054652880354507,36.63220088626292,17.57754800590842,existing_unknown_floor_assignment_range_not_confidence_interval
konkuk,411,411,1034,7.833655705996135,26.112185686653778,18.27852998065764,existing_unknown_floor_assignment_range_not_confidence_interval
kyunghee,307,307,664,11.445783132530119,26.204819277108438,14.759036144578314,existing_unknown_floor_assignment_range_not_confidence_interval
mangwon,580,580,1407,12.08244491826581,23.169864960909734,11.087420042643924,existing_unknown_floor_assignment_range_not_confidence_interval
miasageori,375,375,833,19.447779111644657,34.57382953181273,15.126050420168067,existing_unknown_floor_assignment_range_not_confidence_interval
mokdong-yc,259,259,702,17.37891737891738,30.76923076923077,13.39031339031339,existing_unknown_floor_assignment_range_not_confidence_interval
mullae,336,336,690,14.347826086956516,29.71014492753623,15.36231884057971,existing_unknown_floor_assignment_range_not_confidence_interval
myeongdong,610,608,2201,13.58473421172195,34.257155838255336,20.672421626533392,existing_unknown_floor_assignment_range_not_confidence_interval
nambu,220,220,670,12.537313432835816,29.850746268656714,17.313432835820894,existing_unknown_floor_assignment_range_not_confidence_interval
namdaemun,169,169,499,14.228456913827658,43.48697394789579,29.258517034068138,existing_unknown_floor_assignment_range_not_confidence_interval
nokdu,173,173,438,27.397260273972602,46.57534246575342,19.17808219178082,existing_unknown_floor_assignment_range_not_confidence_interval
nonhyeon,549,549,1796,12.639198218262804,29.064587973273948,16.425389755011135,existing_unknown_floor_assignment_range_not_confidence_interval
noryangjin,235,235,585,20.512820512820518,49.23076923076923,28.71794871794872,existing_unknown_floor_assignment_range_not_confidence_interval
oryudong,162,162,368,14.945652173913048,39.402173913043484,24.456521739130434,existing_unknown_floor_assignment_range_not_confidence_interval
sadang,238,238,708,6.779661016949157,18.36158192090396,11.581920903954803,existing_unknown_floor_assignment_range_not_confidence_interval
samcheong,278,278,474,11.814345991561181,46.20253164556962,34.38818565400844,existing_unknown_floor_assignment_range_not_confidence_interval
sangbong,274,274,580,18.103448275862068,37.41379310344828,19.310344827586206,existing_unknown_floor_assignment_range_not_confidence_interval
sanggye,323,323,675,19.703703703703702,35.25925925925926,15.555555555555555,existing_unknown_floor_assignment_range_not_confidence_interval
seochon,442,442,860,11.860465116279073,36.51162790697674,24.651162790697676,existing_unknown_floor_assignment_range_not_confidence_interval
seolleung,520,520,2104,11.45437262357415,24.762357414448665,13.307984790874524,existing_unknown_floor_assignment_range_not_confidence_interval
seongsu,324,324,852,11.150234741784038,30.63380281690141,19.483568075117372,existing_unknown_floor_assignment_range_not_confidence_interval
seoulsup,326,326,807,11.524163568773238,23.420074349442377,11.895910780669144,existing_unknown_floor_assignment_range_not_confidence_interval
sharosugil,306,306,797,13.048933500627358,26.47427854454203,13.42534504391468,existing_unknown_floor_assignment_range_not_confidence_interval
sillim,550,550,1409,14.83321504613201,30.589070262597584,15.755855216465578,existing_unknown_floor_assignment_range_not_confidence_interval
sinchon,690,690,1972,17.190669371196755,33.92494929006086,16.734279918864097,existing_unknown_floor_assignment_range_not_confidence_interval
songridan,301,301,866,9.006928406466507,22.401847575057733,13.394919168591224,existing_unknown_floor_assignment_range_not_confidence_interval
sukmyung,301,301,673,15.453194650817236,29.123328380386326,13.670133729569093,existing_unknown_floor_assignment_range_not_confidence_interval
sungshin,353,353,876,12.671232876712324,32.534246575342465,19.863013698630137,existing_unknown_floor_assignment_range_not_confidence_interval
suyu,578,578,1388,18.01152737752162,31.772334293948123,13.760806916426512,existing_unknown_floor_assignment_range_not_confidence_interval
teheran,534,534,1959,11.485451761102606,24.45125063808066,12.96579887697805,existing_unknown_floor_assignment_range_not_confidence_interval
wangsimni,469,469,1072,13.339552238805974,28.638059701492537,15.298507462686567,existing_unknown_floor_assignment_range_not_confidence_interval
yeonhui,240,240,613,14.355628058727564,35.23654159869495,20.880913539967374,existing_unknown_floor_assignment_range_not_confidence_interval
yeonnam,770,770,2123,12.52943947244466,23.127649552520026,10.598210080075365,existing_unknown_floor_assignment_range_not_confidence_interval
yeonsinnae,503,503,1219,20.836751435602952,33.63412633305989,12.797374897456931,existing_unknown_floor_assignment_range_not_confidence_interval
yeouido,73,73,346,8.670520231213874,24.56647398843931,15.895953757225433,existing_unknown_floor_assignment_range_not_confidence_interval
yongsan,149,149,305,10.163934426229504,24.91803278688525,14.754098360655737,existing_unknown_floor_assignment_range_not_confidence_interval
