entity_key,hubs,stratum,inclusion_probability,sampling_weight,reviewer_a,reviewer_b,reference_observed_at,evidence_ref,review_label,reason
1168010100108230026,gangnam|teheran,floor+unit|eligible=True|flagged=False,0.4,2.5,,,,,unresolved,independent_review_not_performed
1168010100108240025,gangnam|teheran,floor+unit|eligible=True|flagged=False,0.4,2.5,,,,,unresolved,independent_review_not_performed
1171010400100200006,jamsil|songridan,floor+unknown_or_proxy|eligible=True|flagged=False,0.09090909090909091,11.0,,,,,unresolved,independent_review_not_performed
1171010400100460013,jamsil|songridan,floor+unknown_or_proxy|eligible=True|flagged=False,0.09090909090909091,11.0,,,,,unresolved,independent_review_not_performed
1111011900100010001,samcheong|seochon,floor+unknown_or_proxy|eligible=True|flagged=True,1.0,1.0,,,,,unresolved,independent_review_not_performed
1111016200103180002,dongdaemun|gwangjang,floor+unknown_or_proxy|eligible=True|flagged=True,1.0,1.0,,,,,unresolved,independent_review_not_performed
1168010100106690002,teheran,floor|eligible=True|flagged=False,0.005011254087569542,199.55084745762713,,,,,unresolved,independent_review_not_performed
1156011600103300004,dangsan,floor|eligible=True|flagged=False,0.005011254087569542,199.55084745762713,,,,,unresolved,independent_review_not_performed
1123010300109010005,cheongnyangni,floor|eligible=True|flagged=False,0.005011254087569542,199.55084745762713,,,,,unresolved,independent_review_not_performed
1168010100107370000,teheran,floor|eligible=True|flagged=False,0.005011254087569542,199.55084745762713,,,,,unresolved,independent_review_not_performed
1168010100106770023,teheran,floor|eligible=True|flagged=False,0.005011254087569542,199.55084745762713,,,,,unresolved,independent_review_not_performed
1111011400101680001,seochon,floor|eligible=True|flagged=False,0.005011254087569542,199.55084745762713,,,,,unresolved,independent_review_not_performed
1111015800102960001,gwangjang,floor|eligible=True|flagged=False,0.005011254087569542,199.55084745762713,,,,,unresolved,independent_review_not_performed
1120010700100190109,wangsimni,floor|eligible=True|flagged=False,0.005011254087569542,199.55084745762713,,,,,unresolved,independent_review_not_performed
1123010300109950009,cheongnyangni,floor|eligible=True|flagged=False,0.005011254087569542,199.55084745762713,,,,,unresolved,independent_review_not_performed
1174010900104530022,cheonho,floor|eligible=True|flagged=False,0.005011254087569542,199.55084745762713,,,,,unresolved,independent_review_not_performed
1129012500101020050,anam,floor|eligible=True|flagged=False,0.005011254087569542,199.55084745762713,,,,,unresolved,independent_review_not_performed
1114016400100320001,dongdaemun,floor|eligible=True|flagged=False,0.005011254087569542,199.55084745762713,,,,,unresolved,independent_review_not_performed
1114013800100480002,chungmuro,floor|eligible=True|flagged=False,0.005011254087569542,199.55084745762713,,,,,unresolved,independent_review_not_performed
1114013600100270020,chungmuro,floor|eligible=True|flagged=False,0.005011254087569542,199.55084745762713,,,,,unresolved,independent_review_not_performed
1168010800100670012,dosan,floor|eligible=True|flagged=False,0.005011254087569542,199.55084745762713,,,,,unresolved,independent_review_not_performed
1111015700100400000,gwangjang,floor|eligible=True|flagged=False,0.005011254087569542,199.55084745762713,,,,,unresolved,independent_review_not_performed
1121510100101320011,gunja,floor|eligible=True|flagged=False,0.005011254087569542,199.55084745762713,,,,,unresolved,independent_review_not_performed
1121510500108470009,konkuk,floor|eligible=True|flagged=False,0.005011254087569542,199.55084745762713,,,,,unresolved,independent_review_not_performed
1144012000103660002,hongdae,floor|eligible=True|flagged=False,0.005011254087569542,199.55084745762713,,,,,unresolved,independent_review_not_performed
1141011600100570063,sinchon,floor|eligible=True|flagged=False,0.005011254087569542,199.55084745762713,,,,,unresolved,independent_review_not_performed
1117012800100400364,yongsan,floor|eligible=True|flagged=False,0.005011254087569542,199.55084745762713,,,,,unresolved,independent_review_not_performed
1111017200101540001,hyehwa,floor|eligible=True|flagged=False,0.005011254087569542,199.55084745762713,,,,,unresolved,independent_review_not_performed
1138010400104100006,yeonsinnae,floor|eligible=True|flagged=False,0.005011254087569542,199.55084745762713,,,,,unresolved,independent_review_not_performed
1171011100101000000,songridan,floor|eligible=True|flagged=False,0.005011254087569542,199.55084745762713,,,,,unresolved,independent_review_not_performed
1144012300103950025,mangwon,floor|eligible=True|flagged=False,0.005011254087569542,199.55084745762713,,,,,unresolved,independent_review_not_performed
1111017200101180006,hyehwa,floor|eligible=True|flagged=False,0.005011254087569542,199.55084745762713,,,,,unresolved,independent_review_not_performed
1153010800100060005,oryudong,floor|eligible=True|flagged=False,0.005011254087569542,199.55084745762713,,,,,unresolved,independent_review_not_performed
1123010400104980012,cheongnyangni,floor|eligible=True|flagged=False,0.005011254087569542,199.55084745762713,,,,,unresolved,independent_review_not_performed
1168010500101420000,seolleung,floor|eligible=True|flagged=False,0.005011254087569542,199.55084745762713,,,,,unresolved,independent_review_not_performed
1111016200100640006,gwangjang,floor|eligible=True|flagged=False,0.005011254087569542,199.55084745762713,,,,,unresolved,independent_review_not_performed
1162010100116120001,sharosugil,floor|eligible=True|flagged=False,0.005011254087569542,199.55084745762713,,,,,unresolved,independent_review_not_performed
1153010800100330055,oryudong,floor|eligible=True|flagged=False,0.005011254087569542,199.55084745762713,,,,,unresolved,independent_review_not_performed
1144012200104330009,mangwon,floor|eligible=True|flagged=False,0.005011254087569542,199.55084745762713,,,,,unresolved,independent_review_not_performed
1117013100107290022,hannam,floor|eligible=True|flagged=False,0.005011254087569542,199.55084745762713,,,,,unresolved,independent_review_not_performed
1138010300103140022,yeonsinnae,floor|eligible=True|flagged=False,0.005011254087569542,199.55084745762713,,,,,unresolved,independent_review_not_performed
1121510700100120033,konkuk,floor|eligible=True|flagged=False,0.005011254087569542,199.55084745762713,,,,,unresolved,independent_review_not_performed
1117013100106570070,hannam,floor|eligible=True|flagged=False,0.005011254087569542,199.55084745762713,,,,,unresolved,independent_review_not_performed
1171010500100770005,songridan,floor|eligible=True|flagged=False,0.005011254087569542,199.55084745762713,,,,,unresolved,independent_review_not_performed
1165010100104490009,sadang,floor|eligible=True|flagged=False,0.005011254087569542,199.55084745762713,,,,,unresolved,independent_review_not_performed
1120010700103190023,wangsimni,floor|eligible=True|flagged=False,0.005011254087569542,199.55084745762713,,,,,unresolved,independent_review_not_performed
1111015300101030068,ikseon,floor|eligible=True|flagged=False,0.005011254087569542,199.55084745762713,,,,,unresolved,independent_review_not_performed
1111014800100030002,samcheong,floor|eligible=True|flagged=False,0.005011254087569542,199.55084745762713,,,,,unresolved,independent_review_not_performed
1111010600100260005,seochon,floor|eligible=True|flagged=False,0.005011254087569542,199.55084745762713,,,,,unresolved,independent_review_not_performed
1162010200116370007,sillim,floor|eligible=True|flagged=False,0.005011254087569542,199.55084745762713,,,,,unresolved,independent_review_not_performed
1162010200114280010,sillim,floor|eligible=True|flagged=False,0.005011254087569542,199.55084745762713,,,,,unresolved,independent_review_not_performed
1141011700101250003,yeonhui,floor|eligible=True|flagged=False,0.005011254087569542,199.55084745762713,,,,,unresolved,independent_review_not_performed
1150010300101090058,hwagok,floor|eligible=True|flagged=False,0.005011254087569542,199.55084745762713,,,,,unresolved,independent_review_not_performed
1156011600103130001,dangsan,floor|eligible=True|flagged=False,0.005011254087569542,199.55084745762713,,,,,unresolved,independent_review_not_performed
1111014700100360002,samcheong,floor|eligible=True|flagged=False,0.005011254087569542,199.55084745762713,,,,,unresolved,independent_review_not_performed
1150010300109120016,kkachisan,floor|eligible=True|flagged=False,0.005011254087569542,199.55084745762713,,,,,unresolved,independent_review_not_performed
1144012000103580068,hongdae,floor|eligible=True|flagged=False,0.005011254087569542,199.55084745762713,,,,,unresolved,independent_review_not_performed
1130510100100720018,miasageori,floor|eligible=True|flagged=False,0.005011254087569542,199.55084745762713,,,,,unresolved,independent_review_not_performed
1117013000100640034,itaewon,floor|eligible=True|flagged=False,0.005011254087569542,199.55084745762713,,,,,unresolved,independent_review_not_performed
1120010300101310001,wangsimni,floor|eligible=True|flagged=False,0.005011254087569542,199.55084745762713,,,,,unresolved,independent_review_not_performed
1111016200101000011,gwangjang,floor|eligible=True|flagged=False,0.005011254087569542,199.55084745762713,,,,,unresolved,independent_review_not_performed
1120011500102990156,seongsu,floor|eligible=True|flagged=False,0.005011254087569542,199.55084745762713,,,,,unresolved,independent_review_not_performed
1171010300104850002,cheonho,floor|eligible=True|flagged=False,0.005011254087569542,199.55084745762713,,,,,unresolved,independent_review_not_performed
1144011400100020037,sinchon,floor|eligible=True|flagged=False,0.005011254087569542,199.55084745762713,,,,,unresolved,independent_review_not_performed
1162010100115970020,sharosugil,floor|eligible=True|flagged=False,0.005011254087569542,199.55084745762713,,,,,unresolved,independent_review_not_performed
1168010600109050021,seolleung,floor|eligible=True|flagged=False,0.005011254087569542,199.55084745762713,,,,,unresolved,independent_review_not_performed
1165010700107090001,nonhyeon,floor|eligible=True|flagged=False,0.005011254087569542,199.55084745762713,,,,,unresolved,independent_review_not_performed
1129011600100850089,sungshin,floor|eligible=True|flagged=False,0.005011254087569542,199.55084745762713,,,,,unresolved,independent_review_not_performed
1144012100101520004,yeonnam,floor|eligible=True|flagged=False,0.005011254087569542,199.55084745762713,,,,,unresolved,independent_review_not_performed
1168010700105540004,garosugil,floor|eligible=True|flagged=False,0.005011254087569542,199.55084745762713,,,,,unresolved,independent_review_not_performed
1168010100106360001,gangnam|teheran,floor|eligible=True|flagged=False,0.005011254087569542,199.55084745762713,,,,,unresolved,independent_review_not_performed
1114015400100140086,chungmuro,floor|eligible=True|flagged=False,0.005011254087569542,199.55084745762713,,,,,unresolved,independent_review_not_performed
1111017400104640010,dongdaemun,floor|eligible=True|flagged=False,0.005011254087569542,199.55084745762713,,,,,unresolved,independent_review_not_performed
1168010800101410017,nonhyeon,floor|eligible=True|flagged=False,0.005011254087569542,199.55084745762713,,,,,unresolved,independent_review_not_performed
1114013000100310001,chungmuro|myeongdong,floor|eligible=True|flagged=False,0.005011254087569542,199.55084745762713,,,,,unresolved,independent_review_not_performed
1171010300104900000,cheonho,floor|eligible=True|flagged=False,0.005011254087569542,199.55084745762713,,,,,unresolved,independent_review_not_performed
1114016200103040497,dongdaemun,floor|eligible=True|flagged=False,0.005011254087569542,199.55084745762713,,,,,unresolved,independent_review_not_performed
1144012400102600047,yeonnam,floor|eligible=True|flagged=False,0.005011254087569542,199.55084745762713,,,,,unresolved,independent_review_not_performed
1156012200100210022,mullae,floor|eligible=True|flagged=False,0.005011254087569542,199.55084745762713,,,,,unresolved,independent_review_not_performed
1168010400101260004,cheongdam,floor|eligible=True|flagged=False,0.005011254087569542,199.55084745762713,,,,,unresolved,independent_review_not_performed
1114012500100650006,myeongdong,floor|eligible=True|flagged=False,0.005011254087569542,199.55084745762713,,,,,unresolved,independent_review_not_performed
1171011100100710011,jamsil|songridan,floor|eligible=True|flagged=False,0.005011254087569542,199.55084745762713,,,,,unresolved,independent_review_not_performed
1156012000100140042,mullae,floor|eligible=True|flagged=False,0.005011254087569542,199.55084745762713,,,,,unresolved,independent_review_not_performed
1156012000100140043,mullae,floor|eligible=True|flagged=False,0.005011254087569542,199.55084745762713,,,,,unresolved,independent_review_not_performed
1123010600101420005,jangan,floor|eligible=True|flagged=False,0.005011254087569542,199.55084745762713,,,,,unresolved,independent_review_not_performed
1114013200101250011,chungmuro,floor|eligible=True|flagged=False,0.005011254087569542,199.55084745762713,,,,,unresolved,independent_review_not_performed
1120010300102590000,wangsimni,floor|eligible=True|flagged=False,0.005011254087569542,199.55084745762713,,,,,unresolved,independent_review_not_performed
1123010300109500003,cheongnyangni,floor|eligible=True|flagged=False,0.005011254087569542,199.55084745762713,,,,,unresolved,independent_review_not_performed
1117012800100400301,yongsan,floor|eligible=True|flagged=False,0.005011254087569542,199.55084745762713,,,,,unresolved,independent_review_not_performed
1111013700100920000,ikseon,floor|eligible=True|flagged=False,0.005011254087569542,199.55084745762713,,,,,unresolved,independent_review_not_performed
1111017400104460005,dongdaemun,floor|eligible=True|flagged=False,0.005011254087569542,199.55084745762713,,,,,unresolved,independent_review_not_performed
1168010700105980003,dosan,floor|eligible=True|flagged=False,0.005011254087569542,199.55084745762713,,,,,unresolved,independent_review_not_performed
1144012500102510014,mangwon,floor|eligible=True|flagged=False,0.005011254087569542,199.55084745762713,,,,,unresolved,independent_review_not_performed
1121510100101340001,gunja,floor|eligible=True|flagged=False,0.005011254087569542,199.55084745762713,,,,,unresolved,independent_review_not_performed
1141011700101240031,yeonhui,floor|eligible=True|flagged=False,0.005011254087569542,199.55084745762713,,,,,unresolved,independent_review_not_performed
1138010300102810145,bulgwang,floor|eligible=True|flagged=False,0.005011254087569542,199.55084745762713,,,,,unresolved,independent_review_not_performed
1171010100101870014,jamsilsaenae,floor|eligible=True|flagged=False,0.005011254087569542,199.55084745762713,,,,,unresolved,independent_review_not_performed
1120010300102740007,wangsimni,floor|eligible=True|flagged=False,0.005011254087569542,199.55084745762713,,,,,unresolved,independent_review_not_performed
1114016200102920151,dongdaemun,floor|eligible=True|flagged=False,0.005011254087569542,199.55084745762713,,,,,unresolved,independent_review_not_performed
1144012000103810022,mangwon,floor|eligible=True|flagged=False,0.005011254087569542,199.55084745762713,,,,,unresolved,independent_review_not_performed
1168010400101250007,cheongdam,floor|eligible=True|flagged=False,0.005011254087569542,199.55084745762713,,,,,unresolved,independent_review_not_performed
1147010100108950047,mokdong-yc,floor|eligible=True|flagged=False,0.005011254087569542,199.55084745762713,,,,,unresolved,independent_review_not_performed
1111016200102090000,dongdaemun|gwangjang,floor|eligible=True|flagged=False,0.005011254087569542,199.55084745762713,,,,,unresolved,independent_review_not_performed
1138010300102760032,bulgwang,floor|eligible=True|flagged=False,0.005011254087569542,199.55084745762713,,,,,unresolved,independent_review_not_performed
1138010300103110012,yeonsinnae,floor|eligible=True|flagged=False,0.005011254087569542,199.55084745762713,,,,,unresolved,independent_review_not_performed
1117013100106270000,hannam,floor|eligible=True|flagged=False,0.005011254087569542,199.55084745762713,,,,,unresolved,independent_review_not_performed
1111013300101150000,ikseon,floor|eligible=True|flagged=False,0.005011254087569542,199.55084745762713,,,,,unresolved,independent_review_not_performed
1168010700106480023,apgujeong-rodeo|dosan,floor|eligible=True|flagged=False,0.005011254087569542,199.55084745762713,,,,,unresolved,independent_review_not_performed
1168010700106230000,dosan,floor|eligible=True|flagged=False,0.005011254087569542,199.55084745762713,,,,,unresolved,independent_review_not_performed
1111015100101840000,ikseon,floor|eligible=True|flagged=False,0.005011254087569542,199.55084745762713,,,,,unresolved,independent_review_not_performed
1150010300107890022,mokdong-yc,floor|eligible=True|flagged=False,0.005011254087569542,199.55084745762713,,,,,unresolved,independent_review_not_performed
1111010600100070017,seochon,floor|eligible=True|flagged=False,0.005011254087569542,199.55084745762713,,,,,unresolved,independent_review_not_performed
1168010500101430029,seolleung,floor|eligible=True|flagged=False,0.005011254087569542,199.55084745762713,,,,,unresolved,independent_review_not_performed
1121510100101380033,gunja,floor|eligible=True|flagged=False,0.005011254087569542,199.55084745762713,,,,,unresolved,independent_review_not_performed
1156011000100160002,yeouido,floor|eligible=True|flagged=False,0.005011254087569542,199.55084745762713,,,,,unresolved,independent_review_not_performed
1144012100102030035,hongdae|yeonnam,floor|eligible=True|flagged=False,0.005011254087569542,199.55084745762713,,,,,unresolved,independent_review_not_performed
1114016200102330053,dongdaemun,floor|eligible=True|flagged=False,0.005011254087569542,199.55084745762713,,,,,unresolved,independent_review_not_performed
1117012800100650156,yongsan,floor|eligible=True|flagged=False,0.005011254087569542,199.55084745762713,,,,,unresolved,independent_review_not_performed
1168010600109070000,seolleung,floor|eligible=True|flagged=False,0.005011254087569542,199.55084745762713,,,,,unresolved,independent_review_not_performed
1153010800101360023,oryudong,floor|eligible=True|flagged=False,0.005011254087569542,199.55084745762713,,,,,unresolved,independent_review_not_performed
1138010600100120006,bulgwang,floor|eligible=True|flagged=False,0.005011254087569542,199.55084745762713,,,,,unresolved,independent_review_not_performed
1156011000100140003,yeouido,floor|eligible=True|flagged=False,0.005011254087569542,199.55084745762713,,,,,unresolved,independent_review_not_performed
1153010800101450029,oryudong,floor|eligible=True|flagged=False,0.005011254087569542,199.55084745762713,,,,,unresolved,independent_review_not_performed
1111016900101430002,hyehwa,floor|eligible=True|flagged=False,0.005011254087569542,199.55084745762713,,,,,unresolved,independent_review_not_performed
1117013000100220002,hannam|itaewon,unit+unknown_or_proxy|eligible=False|flagged=False,1.0,1.0,,,,,unresolved,independent_review_not_performed
1141011700101870061,yeonhui|yeonnam,unit+unknown_or_proxy|eligible=False|flagged=False,1.0,1.0,,,,,unresolved,independent_review_not_performed
1114013400102100002,chungmuro|euljiro,unit|eligible=False|flagged=False,0.005045045045045045,198.21428571428572,,,,,unresolved,independent_review_not_performed
1162010100115680001,sharosugil,unit|eligible=False|flagged=False,0.005045045045045045,198.21428571428572,,,,,unresolved,independent_review_not_performed
1135010500103890608,sanggye,unit|eligible=False|flagged=False,0.005045045045045045,198.21428571428572,,,,,unresolved,independent_review_not_performed
1138010600100150058,bulgwang,unit|eligible=False|flagged=False,0.005045045045045045,198.21428571428572,,,,,unresolved,independent_review_not_performed
1168011000103970000,garosugil,unit|eligible=False|flagged=False,0.005045045045045045,198.21428571428572,,,,,unresolved,independent_review_not_performed
1123010700107660000,cheongnyangni,unit|eligible=False|flagged=False,0.005045045045045045,198.21428571428572,,,,,unresolved,independent_review_not_performed
1114011200100460003,cityhall|namdaemun,unit|eligible=False|flagged=False,0.005045045045045045,198.21428571428572,,,,,unresolved,independent_review_not_performed
1114010200101550000,cityhall|myeongdong,unit|eligible=False|flagged=False,0.005045045045045045,198.21428571428572,,,,,unresolved,independent_review_not_performed
1168010100107380015,teheran,unit|eligible=False|flagged=False,0.005045045045045045,198.21428571428572,,,,,unresolved,independent_review_not_performed
1114013200103060000,chungmuro,unit|eligible=False|flagged=False,0.005045045045045045,198.21428571428572,,,,,unresolved,independent_review_not_performed
1171010100102310004,jamsilsaenae,unit|eligible=False|flagged=False,0.005045045045045045,198.21428571428572,,,,,unresolved,independent_review_not_performed
1168010400100780001,apgujeong-rodeo,unit|eligible=False|flagged=False,0.005045045045045045,198.21428571428572,,,,,unresolved,independent_review_not_performed
1156011600103140000,dangsan,unit|eligible=False|flagged=False,0.005045045045045045,198.21428571428572,,,,,unresolved,independent_review_not_performed
1165010700107030015,nonhyeon,unit|eligible=False|flagged=False,0.005045045045045045,198.21428571428572,,,,,unresolved,independent_review_not_performed
1111016300100960000,gwangjang,unknown_or_proxy|eligible=False|flagged=False,0.005025125628140704,199.0,,,,,unresolved,independent_review_not_performed
1111010800101370003,seochon,unknown_or_proxy|eligible=False|flagged=False,0.005025125628140704,199.0,,,,,unresolved,independent_review_not_performed
1111016800101290198,hyehwa,unknown_or_proxy|eligible=False|flagged=False,0.005025125628140704,199.0,,,,,unresolved,independent_review_not_performed
1123010600103410003,jangan,unknown_or_proxy|eligible=False|flagged=False,0.005025125628140704,199.0,,,,,unresolved,independent_review_not_performed
1162010100116200011,sharosugil,unknown_or_proxy|eligible=False|flagged=False,0.005025125628140704,199.0,,,,,unresolved,independent_review_not_performed
1114016200102470056,dongdaemun,unknown_or_proxy|eligible=False|flagged=False,0.005025125628140704,199.0,,,,,unresolved,independent_review_not_performed
1123010300102860006,cheongnyangni,unknown_or_proxy|eligible=False|flagged=False,0.005025125628140704,199.0,,,,,unresolved,independent_review_not_performed
1141011700103440042,yeonhui,unknown_or_proxy|eligible=False|flagged=False,0.005025125628140704,199.0,,,,,unresolved,independent_review_not_performed
1121510200102760001,gunja,unknown_or_proxy|eligible=False|flagged=False,0.005025125628140704,199.0,,,,,unresolved,independent_review_not_performed
1168010100107040010,seolleung,unknown_or_proxy|eligible=False|flagged=False,0.005025125628140704,199.0,,,,,unresolved,independent_review_not_performed
1141011600100180016,sinchon,unknown_or_proxy|eligible=False|flagged=False,0.005025125628140704,199.0,,,,,unresolved,independent_review_not_performed
1168010700106290018,dosan,unknown_or_proxy|eligible=False|flagged=False,0.005025125628140704,199.0,,,,,unresolved,independent_review_not_performed
1114016100100080002,chungmuro|euljiro|myeongdong,unknown_or_proxy|eligible=False|flagged=False,0.005025125628140704,199.0,,,,,unresolved,independent_review_not_performed
1111015100101630001,ikseon,unknown_or_proxy|eligible=False|flagged=False,0.005025125628140704,199.0,,,,,unresolved,independent_review_not_performed
1111016400101180000,dongdaemun,unknown_or_proxy|eligible=False|flagged=False,0.005025125628140704,199.0,,,,,unresolved,independent_review_not_performed
1114015200101230015,gwangjang,unknown_or_proxy|eligible=False|flagged=False,0.005025125628140704,199.0,,,,,unresolved,independent_review_not_performed
1114014400101870028,dongdaemun,unknown_or_proxy|eligible=False|flagged=False,0.005025125628140704,199.0,,,,,unresolved,independent_review_not_performed
1117012800100400888,yongsan,unknown_or_proxy|eligible=False|flagged=False,0.005025125628140704,199.0,,,,,unresolved,independent_review_not_performed
1111015400101990001,euljiro,unknown_or_proxy|eligible=False|flagged=False,0.005025125628140704,199.0,,,,,unresolved,independent_review_not_performed
1114013400101510001,chungmuro|euljiro,unknown_or_proxy|eligible=False|flagged=False,0.005025125628140704,199.0,,,,,unresolved,independent_review_not_performed
1114013200100600001,chungmuro,unknown_or_proxy|eligible=False|flagged=False,0.005025125628140704,199.0,,,,,unresolved,independent_review_not_performed
1120010700102970046,wangsimni,unknown_or_proxy|eligible=False|flagged=False,0.005025125628140704,199.0,,,,,unresolved,independent_review_not_performed
1114015700100530002,euljiro|gwangjang,unknown_or_proxy|eligible=False|flagged=False,0.005025125628140704,199.0,,,,,unresolved,independent_review_not_performed
1135010600101390008,sanggye,unknown_or_proxy|eligible=False|flagged=False,0.005025125628140704,199.0,,,,,unresolved,independent_review_not_performed
1117011000100100021,sukmyung,unknown_or_proxy|eligible=False|flagged=False,0.005025125628140704,199.0,,,,,unresolved,independent_review_not_performed
1117012800100400424,yongsan,unknown_or_proxy|eligible=False|flagged=False,0.005025125628140704,199.0,,,,,unresolved,independent_review_not_performed
1123010800101020110,kyunghee,unknown_or_proxy|eligible=False|flagged=False,0.005025125628140704,199.0,,,,,unresolved,independent_review_not_performed
1123010600103870009,jangan,unknown_or_proxy|eligible=False|flagged=False,0.005025125628140704,199.0,,,,,unresolved,independent_review_not_performed
1117011000100100023,sukmyung,unknown_or_proxy|eligible=False|flagged=False,0.005025125628140704,199.0,,,,,unresolved,independent_review_not_performed
1171010100100270008,jamsil,unknown_or_proxy|eligible=False|flagged=False,0.005025125628140704,199.0,,,,,unresolved,independent_review_not_performed
1156012100100580076,mullae,unknown_or_proxy|eligible=False|flagged=False,0.005025125628140704,199.0,,,,,unresolved,independent_review_not_performed
1153010100106920000,mullae,unknown_or_proxy|eligible=False|flagged=False,0.005025125628140704,199.0,,,,,unresolved,independent_review_not_performed
1165010800116230002,nambu,unknown_or_proxy|eligible=False|flagged=False,0.005025125628140704,199.0,,,,,unresolved,independent_review_not_performed
1129012500100150038,anam,unknown_or_proxy|eligible=False|flagged=False,0.005025125628140704,199.0,,,,,unresolved,independent_review_not_performed
1111016200101050006,gwangjang,unknown_or_proxy|eligible=False|flagged=False,0.005025125628140704,199.0,,,,,unresolved,independent_review_not_performed
1111014200100880018,samcheong,unknown_or_proxy|eligible=False|flagged=False,0.005025125628140704,199.0,,,,,unresolved,independent_review_not_performed
1147010100110080014,mokdong-yc,unknown_or_proxy|eligible=False|flagged=False,0.005025125628140704,199.0,,,,,unresolved,independent_review_not_performed
1144012000103840013,hapjeong,unknown_or_proxy|eligible=False|flagged=False,0.005025125628140704,199.0,,,,,unresolved,independent_review_not_performed
1168010700105160001,garosugil,unknown_or_proxy|eligible=False|flagged=False,0.005025125628140704,199.0,,,,,unresolved,independent_review_not_performed
1120011400106700027,seoulsup,unknown_or_proxy|eligible=False|flagged=False,0.005025125628140704,199.0,,,,,unresolved,independent_review_not_performed
1117013100107320173,hannam|itaewon,unknown_or_proxy|eligible=False|flagged=False,0.005025125628140704,199.0,,,,,unresolved,independent_review_not_performed
1111015300101340000,ikseon,unknown_or_proxy|eligible=False|flagged=False,0.005025125628140704,199.0,,,,,unresolved,independent_review_not_performed
1171010500101580003,jamsil|songridan,unknown_or_proxy|eligible=False|flagged=False,0.005025125628140704,199.0,,,,,unresolved,independent_review_not_performed
1111014300100870001,samcheong,unknown_or_proxy|eligible=False|flagged=False,0.005025125628140704,199.0,,,,,unresolved,independent_review_not_performed
1138010400104550006,yeonsinnae,unknown_or_proxy|eligible=False|flagged=False,0.005025125628140704,199.0,,,,,unresolved,independent_review_not_performed
1129012600100360000,anam,unknown_or_proxy|eligible=False|flagged=False,0.005025125628140704,199.0,,,,,unresolved,independent_review_not_performed
1120011400106560450,seoulsup,unknown_or_proxy|eligible=False|flagged=False,0.005025125628140704,199.0,,,,,unresolved,independent_review_not_performed
1168010800100060007,garosugil,unknown_or_proxy|eligible=False|flagged=False,0.005025125628140704,199.0,,,,,unresolved,independent_review_not_performed
1123010300103480003,cheongnyangni,unknown_or_proxy|eligible=False|flagged=False,0.005025125628140704,199.0,,,,,unresolved,independent_review_not_performed
1123010300108860013,cheongnyangni,unknown_or_proxy|eligible=False|flagged=False,0.005025125628140704,199.0,,,,,unresolved,independent_review_not_performed
1111011300100320030,seochon,unknown_or_proxy|eligible=False|flagged=False,0.005025125628140704,199.0,,,,,unresolved,independent_review_not_performed
1114015800100240003,chungmuro|euljiro|myeongdong,unknown_or_proxy|eligible=False|flagged=False,0.005025125628140704,199.0,,,,,unresolved,independent_review_not_performed
1144012000103950163,hongdae,unknown_or_proxy|eligible=False|flagged=False,0.005025125628140704,199.0,,,,,unresolved,independent_review_not_performed
1138010600101850004,yeonsinnae,unknown_or_proxy|eligible=False|flagged=False,0.005025125628140704,199.0,,,,,unresolved,independent_review_not_performed
1168010800101850009,nonhyeon,unknown_or_proxy|eligible=False|flagged=False,0.005025125628140704,199.0,,,,,unresolved,independent_review_not_performed
1120011500102990223,seongsu,unknown_or_proxy|eligible=False|flagged=False,0.005025125628140704,199.0,,,,,unresolved,independent_review_not_performed
1144012400102520018,yeonnam,unknown_or_proxy|eligible=False|flagged=False,0.005025125628140704,199.0,,,,,unresolved,independent_review_not_performed
1144012200103900011,hapjeong,unknown_or_proxy|eligible=False|flagged=False,0.005025125628140704,199.0,,,,,unresolved,independent_review_not_performed
1130510100101620014,suyu,unknown_or_proxy|eligible=False|flagged=False,0.005025125628140704,199.0,,,,,unresolved,independent_review_not_performed
1129012200101180007,anam,unknown_or_proxy|eligible=False|flagged=False,0.005025125628140704,199.0,,,,,unresolved,independent_review_not_performed
1171010500101560005,songridan,unknown_or_proxy|eligible=False|flagged=False,0.005025125628140704,199.0,,,,,unresolved,independent_review_not_performed
1130510200104640005,suyu,unknown_or_proxy|eligible=False|flagged=False,0.005025125628140704,199.0,,,,,unresolved,independent_review_not_performed
1114011800101340000,namdaemun,unknown_or_proxy|eligible=False|flagged=False,0.005025125628140704,199.0,,,,,unresolved,independent_review_not_performed
1162010200115150001,nokdu,unknown_or_proxy|eligible=False|flagged=False,0.005025125628140704,199.0,,,,,unresolved,independent_review_not_performed
1114014800100180181,dongdaemun,unknown_or_proxy|eligible=False|flagged=False,0.005025125628140704,199.0,,,,,unresolved,independent_review_not_performed
1168010400101230016,cheongdam,unknown_or_proxy|eligible=False|flagged=False,0.005025125628140704,199.0,,,,,unresolved,independent_review_not_performed
1129012500100860012,anam,unknown_or_proxy|eligible=False|flagged=False,0.005025125628140704,199.0,,,,,unresolved,independent_review_not_performed
1114014700100220013,dongdaemun,unknown_or_proxy|eligible=False|flagged=True,0.00510204081632653,196.0,,,,,unresolved,independent_review_not_performed
1144012300103860013,mangwon,unknown_or_proxy|eligible=False|flagged=True,0.00510204081632653,196.0,,,,,unresolved,independent_review_not_performed
1111015300100750001,ikseon,unknown_or_proxy|eligible=True|flagged=False,0.0425531914893617,23.5,,,,,unresolved,independent_review_not_performed
1111013700100840000,ikseon,unknown_or_proxy|eligible=True|flagged=False,0.0425531914893617,23.5,,,,,unresolved,independent_review_not_performed
